1,2,3,4,5,6,7,8,9,10,11,12,13,14,15,16,17,18,19,20,21,22
"[('HKFC B', 'SSSC A'), 'HKFC']","[('Pak Assn A', 'HKFC B'), 'HKFC']","[('HKFC A', 'Shaheen A'), 'HKFC']","[('Pak Assn A', 'HKFC A'), 'HKFC']","[('Pak Assn A', 'Khalsa A'), 'KP']","[('Valley A', 'Shaheen A'), 'KP']","[('HKFC A', 'KCC A'), 'HKFC']","[('SSSC A', 'Khalsa A'), 'KP']","[('KCC A', 'Shaheen A'), 'KP']","[('SSSC A', 'HKFC A'), 'HKFC']","[('SSSC A', 'Pak Assn A'), 'KP']","[('KNS A', 'Shaheen A'), 'KP']","[('Pak Assn A', 'Khalsa A'), 'KP']","[('KCC A', 'KNS A'), 'KP']","[('Pak Assn A', 'SSSC A'), 'KP']","[('SSSC A', 'Khalsa A'), 'KP']",,,,,,
"[('KCC A', 'Shaheen A'), 'KP']","[('SSSC A', 'HKFC A'), 'KP']","[('Valley A', 'KNS A'), 'KP']","[('KCC A', 'Valley A'), 'KP']","[('SSSC A', 'HKFC B'), 'HKFC']","[('HKFC B', 'Pak Assn A'), 'HKFC']","[('Pak Assn A', 'SSSC A'), 'KP']","[('HKFC B', 'HKFC A'), 'HKFC']","[('Khalsa A', 'Pak Assn A'), 'KP']","[('KNS A', 'KCC A'), 'KP']","[('HKFC A', 'Shaheen A'), 'HKFC']","[('Khalsa A', 'SSSC A'), 'KP']","[('SSSC A', 'HKFC B'), 'HKFC']","[('Valley A', 'Shaheen A'), 'KP']","[('Khalsa A', 'HKFC B'), 'HKFC']","[('Valley A', 'KCC A'), 'KP']",,,,,,
"[('Khalsa A', 'Pak Assn A'), 'KP']","[('KNS A', 'KCC A'), 'KP']","[('SSSC A', 'Pak Assn A'), 'KP']","[('KNS A', 'Shaheen A'), 'KP']","[('HKFC A', 'KNS A'), 'KP']","[('KCC A', 'KNS A'), 'KP']","[('Khalsa A', 'HKFC B'), 'KP']","[('Valley A', 'KCC A'), 'KP']","[('HKFC A', 'Valley A'), 'HKFC']","[('Pak Assn A', 'HKFC B'), 'KP']","[('HKFC B', 'Khalsa A'), 'KP']","[('KCC A', 'Valley A'), 'KP']","[('Shaheen A', 'KCC A'), 'KP']","[('HKFC B', 'Pak Assn A'), 'HKFC']","[('KNS A', 'Valley A'), 'KP']","[('HKFC B', 'HKFC A'), 'HKFC']",,,,,,
"[('HKFC A', 'Valley A'), 'KP']","[('Shaheen A', 'Valley A'), 'KP']","[('HKFC B', 'Khalsa A'), 'KP']","[('Khalsa A', 'SSSC A'), 'KP']","[('Shaheen A', 'KCC A'), 'KP']","[('Khalsa A', 'HKFC A'), 'KP']","[('KNS A', 'Valley A'), 'KP']","[('Shaheen A', 'KNS A'), 'KP']","[('HKFC B', 'SSSC A'), 'KP']","[('Shaheen A', 'Valley A'), 'KP']","[('Valley A', 'KNS A'), 'KP']","[('Pak Assn A', 'HKFC A'), 'HKFC']","[('HKFC A', 'KNS A'), 'KP']","[('Khalsa A', 'HKFC A'), 'KP']","[('HKFC A', 'KCC A'), 'KP']","[('Shaheen A', 'KNS A'), 'KP']",,,,,,
"[('HKCC A', 'Khalsa B'), 'KP']","[('KCC B', 'Dutch A'), 'KP']","[('Dutch A', 'HKFC C'), 'HKFC']","[('KCC B', 'NBC A'), 'KP']","[('SSSC B', 'HKCC A'), 'KP']","[('HKFC C', 'KCC B'), 'HKFC']","[('Khalsa B', 'Aquila A'), 'KP']","[('SSSC B', 'Khalsa B'), 'KP']","[('HKFC D', 'SSSC B'), 'HKFC']","[('Khalsa B', 'HKFC D'), 'HKFC']","[('HKCC A', 'Khalsa B'), 'KP']","[('KCC B', 'Dutch A'), 'KP']","[('Antlers A', 'NBC A'), 'KP']","[('HKFC C', 'Valley B'), 'HKFC']","[('Khalsa B', 'HKFC D'), 'HKFC']","[('Dutch A', 'NBC A'), 'KP']","[('HKFC D', 'HKCC A'), 'HKFC']","[('HKCC A', 'Antlers A'), 'KP']","[('KCC B', 'NBC A'), 'KP']","[('Khalsa B', 'HKFC D'), 'HKFC']",,
"[('Aquila A', 'SSSC B'), 'HV']","[('Khalsa B', 'Aquila A'), 'HV']","[('Aquila A', 'HKFC D'), 'HV']","[('HKFC D', 'SSSC B'), 'HKFC']","[('Valley B', 'Dutch A'), 'HV']","[('Dutch A', 'NBC A'), 'HV']","[('KCC B', 'Dutch A'), 'HV']","[('Dutch A', 'HKFC C'), 'HKFC']","[('KCC B', 'NBC A'), 'HV']","[('Aquila A', 'Antlers A'), 'HV']","[('Dutch A', 'NBC A'), 'HV']","[('Khalsa B', 'Aquila A'), 'HV']","[('Aquila A', 'HKFC D'), 'HKFC']","[('Khalsa B', 'Antlers A'), 'HV']","[('NBC A', 'HKFC C'), 'HV']","[('Aquila A', 'SSSC B'), 'HV']","[('Khalsa B', 'Aquila A'), 'HV']","[('Aquila A', 'HKFC D'), 'HKFC']","[('HKFC C', 'Valley B'), 'HKFC']","[('SSSC B', 'HKCC A'), 'HV']",,
"[('Dutch A', 'NBC A'), 'HV']","[('SSSC B', 'Antlers A'), 'HV']","[('SSSC B', 'Khalsa B'), 'HV']","[('HKCC A', 'Aquila A'), 'HV']","[('Antlers A', 'KCC B'), 'HV']","[('HKFC D', 'Antlers A'), 'HV']","[('NBC A', 'Valley B'), 'HV']","[('Aquila A', 'HKFC D'), 'HV']","[('HKCC A', 'Aquila A'), 'HV']","[('Valley B', 'Dutch A'), 'HV']","[('Aquila A', 'SSSC B'), 'HV']","[('HKFC D', 'HKCC A'), 'HKFC']","[('Dutch A', 'HKFC C'), 'HV']","[('KCC B', 'NBC A'), 'HV']","[('SSSC B', 'HKCC A'), 'HV']","[('HKCC A', 'Khalsa B'), 'HV']","[('KCC B', 'Dutch A'), 'HV']","[('Dutch A', 'HKFC C'), 'HV']","[('HKCC A', 'Aquila A'), 'HV']","[('NBC A', 'HKFC C'), 'HV']",,
"[('HKFC C', 'KCC B'), 'HKFC']","[('NBC A', 'Valley B'), 'HV']","[('Valley B', 'KCC B'), 'HV']","[('Khalsa B', 'Antlers A'), 'HV']","[('NBC A', 'HKFC C'), 'HKFC']","[('HKCC A', 'Khalsa B'), 'HV']","[('HKFC D', 'HKCC A'), 'HKFC']","[('HKCC A', 'Antlers A'), 'HV']","[('HKFC C', 'Valley B'), 'HV']","[('SSSC B', 'HKCC A'), 'HV']","[('HKFC C', 'KCC B'), 'HKFC']","[('NBC A', 'Valley B'), 'HV']","[('SSSC B', 'Khalsa B'), 'HV']","[('HKCC A', 'Aquila A'), 'HV']","[('Valley B', 'Dutch A'), 'HV']","[('HKFC D', 'Antlers A'), 'HKFC']","[('NBC A', 'Valley B'), 'HV']","[('SSSC B', 'Khalsa B'), 'HV']","[('Antlers A', 'Dutch A'), 'HV']","[('Aquila A', 'Antlers A'), 'HV']",,
"[('Antlers A', 'Valley B'), 'HV']","[('HKFC D', 'HKCC A'), 'HKFC']","[('Antlers A', 'NBC A'), 'HV']","[('HKFC C', 'Valley B'), 'HV']","[('Khalsa B', 'HKFC D'), 'HV']","[('Aquila A', 'SSSC B'), 'HV']","[('Antlers A', 'HKFC C'), 'HV']","[('Valley B', 'KCC B'), 'HV']","[('Antlers A', 'Dutch A'), 'HV']","[('NBC A', 'HKFC C'), 'HV']","[('Antlers A', 'Valley B'), 'HV']","[('SSSC B', 'Antlers A'), 'HV']","[('Valley B', 'KCC B'), 'HV']","[('HKFC D', 'SSSC B'), 'HV']","[('Antlers A', 'KCC B'), 'HV']","[('HKFC C', 'KCC B'), 'HV']","[('Antlers A', 'HKFC C'), 'HV']","[('Valley B', 'KCC B'), 'HV']","[('HKFC D', 'SSSC B'), 'HV']","[('Valley B', 'Dutch A'), 'HV']",,
"[('HKCC B', 'RHOBA A'), 'KP']","[('Recreio A', 'Elite A'), 'KP']","[('Sirius A', 'RHOBA A'), 'KP']","[('KNS B', 'Valley C'), 'KP']","[('Valley C', 'HKCC B'), 'KP']","[('Elite A', 'Sirius A'), 'KP']","[('RHOBA A', 'Elite A'), 'KP']","[('Elite A', 'Pak Assn B'), 'KP']","[('RHOBA A', 'Scorpion A'), 'KP']","[('Elite A', 'DBS A'), 'KP']","[('KNS B', 'RHOBA A'), 'KP']","[('Sirius A', 'Dragons A'), 'KP']","[('Elite A', 'Recreio A'), 'KP']","[('KNS B', 'Elite A'), 'KP']","[('DBS A', 'RHOBA A'), 'KP']","[('Recreio A', 'DBS A'), 'KP']","[('Recreio A', 'KNS B'), 'KP']","[('Elite A', 'RHOBA A'), 'KP']","[('RHOBA A', 'Valley C'), 'KP']","[('Valley C', 'Pak Assn B'), 'KP']","[('Recreio A', 'RHOBA A'), 'KP']","[('Scorpion A', 'HKFC E'), 'HKFC']"
"[('HKFC E', 'Recreio A'), 'HKFC']","[('KNS B', 'HKFC E'), 'HKFC']","[('DBS A', 'Scorpion A'), 'BS']","[('Recreio A', 'Scorpion A'), 'BS']","[('Dragons A', 'Elite A'), 'BS']","[('HKFC E', 'RHOBA A'), 'HKFC']","[('Recreio A', 'HKCC B'), 'BS']","[('HKFC E', 'DBS A'), 'HKFC']","[('HKFC E', 'Elite A'), 'HKFC']","[('Dragons A', 'HKCC B'), 'BS']","[('HKFC E', 'Scorpion A'), 'HKFC']","[('RHOBA A', 'HKCC B'), 'BS']","[('Dragons A', 'RHOBA A'), 'BS']","[('Scorpion A', 'DBS A'), 'BS']","[('Elite A', 'HKCC B'), 'BS']","[('Pak Assn B', 'RHOBA A'), 'BS']","[('Valley C', 'Dragons A'), 'BS']","[('HKFC E', 'Pak Assn B'), 'HKFC']","[('Scorpion A', 'Sirius A'), 'BS']","[('Dragons A', 'KNS B'), 'BS']","[('Pak Assn B', 'Scorpion A'), 'BS']","[('Dragons A', 'DBS A'), 'KP']"
"[('DBS A', 'Valley C'), 'BS']","[('RHOBA A', 'Dragons A'), 'BS']","[('HKCC B', 'HKFC E'), 'HKFC']","[('HKFC E', 'Dragons A'), 'HKFC']","[('DBS A', 'Recreio A'), 'LF']","[('Dragons A', 'Valley C'), 'BS']","[('Pak Assn B', 'HKFC E'), 'HKFC']","[('Dragons A', 'Recreio A'), 'BS']","[('KNS B', 'Dragons A'), 'BS']","[('Sirius A', 'KNS B'), 'LF']","[('Pak Assn B', 'Recreio A'), 'BS']","[('Scorpion A', 'Elite A'), 'LF']","[('Valley C', 'Scorpion A'), 'LF']","[('RHOBA A', 'Sirius A'), 'LF']","[('Scorpion A', 'Recreio A'), 'LF']","[('HKCC B', 'Valley C'), 'LF']","[('Scorpion A', 'HKCC B'), 'LF']","[('HKCC B', 'Recreio A'), 'BS']","[('DBS A', 'HKFC E'), 'HKFC']","[('Scorpion A', 'RHOBA A'), 'LF']","[('DBS A', 'Elite A'), 'LF']","[('Valley C', 'Elite A'), 'BS']"
"[('Dragons A', 'Sirius A'), 'LF']","[('Pak Assn B', 'HKCC B'), 'LF']","[('Elite A', 'KNS B'), 'LF']","[('Pak Assn B', 'Sirius A'), 'LF']","[('RHOBA A', 'Pak Assn B'), 'HV']","[('HKCC B', 'Scorpion A'), 'LF']","[('Sirius A', 'Valley C'), 'LF']","[('Sirius A', 'Scorpion A'), 'LF']","[('Pak Assn B', 'Valley C'), 'LF']","[('Valley C', 'HKFC E'), 'HKFC']","[('DBS A', 'Dragons A'), 'LF']","[('Valley C', 'DBS A'), 'HV']","[('HKFC E', 'KNS B'), 'HKFC']","[('Pak Assn B', 'Dragons A'), 'HV']","[('Sirius A', 'Pak Assn B'), 'HV']","[('HKFC E', 'Sirius A'), 'HKFC']","[('DBS A', 'Pak Assn B'), 'HV']","[('KNS B', 'DBS A'), 'LF']","[('Pak Assn B', 'Elite A'), 'LF']","[('HKCC B', 'DBS A'), 'HV']","[('HKCC B', 'Dragons A'), 'HV']","[('Sirius A', 'HKCC B'), 'LF']"
"[('Elite A', 'Scorpion A'), 'HV']","[('Sirius A', 'DBS A'), 'HV']","[('Dragons A', 'Pak Assn B'), 'HV']","[('HKCC B', 'Elite A'), 'HV']","[('Sirius A', 'HKFC E'), 'HKFC']","[('KNS B', 'Recreio A'), 'HV']","[('Scorpion A', 'Dragons A'), 'HV']","[('HKCC B', 'KNS B'), 'HV']","[('DBS A', 'HKCC B'), 'HV']","[('RHOBA A', 'Recreio A'), 'HV']","[('Elite A', 'Valley C'), 'HV']","[('Pak Assn B', 'KNS B'), 'HV']","[('DBS A', 'Sirius A'), 'HV']","[('HKFC E', 'HKCC B'), 'HKFC']","[('Valley C', 'KNS B'), 'HV']","[('KNS B', 'Scorpion A'), 'HV']","[('Sirius A', 'Elite A'), 'HV']","[('Valley C', 'Sirius A'), 'HV']","[('KNS B', 'HKCC B'), 'HV']","[('Sirius A', 'Recreio A'), 'HV']","[('HKFC E', 'Valley C'), 'HKFC']","[('Recreio A', 'Pak Assn B'), 'HV']"
"[('KNS B', 'Pak Assn B'), 'HV']","[('Scorpion A', 'Valley C'), 'HV']","[('Valley C', 'Recreio A'), 'HV']","[('RHOBA A', 'DBS A'), 'HV']","[('Scorpion A', 'KNS B'), 'HV']","[('Pak Assn B', 'DBS A'), 'HV']","[('DBS A', 'KNS B'), 'HV']","[('Valley C', 'RHOBA A'), 'HV']","[('Recreio A', 'Sirius A'), 'HV']","[('Scorpion A', 'Pak Assn B'), 'HV']","[('HKCC B', 'Sirius A'), 'HV']","[('Recreio A', 'HKFC E'), 'HKFC']","[('HKCC B', 'Pak Assn B'), 'HV']","[('Recreio A', 'Valley C'), 'HV']","[('Dragons A', 'HKFC E'), 'HKFC']","[('Elite A', 'Dragons A'), 'HV']","[('RHOBA A', 'HKFC E'), 'HKFC']","[('Dragons A', 'Scorpion A'), 'HV']","[('Recreio A', 'Dragons A'), 'HV']","[('Elite A', 'HKFC E'), 'HKFC']","[('KNS B', 'Sirius A'), 'HV']","[('RHOBA A', 'KNS B'), 'HV']"
"[('Khalsa C', 'Recreio B'), 'KP']","[('NBC B', 'Khalsa C'), 'KP']","[('Valley D', 'Recreio B'), 'KP']","[('KCC C', 'IUHK A'), 'KP']","[('Valley D', 'KCC C'), 'KP']","[('KCC C', 'Shaheen B'), 'KP']","[('Aquila B', 'NBC B'), 'KP']","[('KCC C', 'NBC B'), 'KP']","[('Khalsa C', 'IUHK A'), 'KP']","[('Shaheen B', 'Police A'), 'KP']","[('Khalsa C', 'Shaheen B'), 'KP']","[('SSSC C', 'HKFC F'), 'HKFC']","[('KCC C', 'Police A'), 'KP']","[('Shaheen B', 'Aquila B'), 'KP']","[('Shaheen B', 'Recreio B'), 'KP']","[('Police A', 'RHOBA B'), 'KP']","[('Shaheen B', 'KCC C'), 'KP']","[('KCC C', 'Recreio B'), 'KP']","[('NBC B', 'KCC C'), 'KP']","[('KCC C', 'Aquila B'), 'KP']","[('Khalsa C', 'Valley D'), 'KP']","[('Valley D', 'IUHK A'), 'KP']"
"[('KCC C', 'RHOBA B'), 'BS']","[('RHOBA B', 'HKFC F'), 'HKFC']","[('KCC C', 'Khalsa C'), 'BS']","[('Khalsa C', 'HKFC F'), 'HKFC']","[('SSSC C', 'Khalsa C'), 'BS']","[('Police A', 'Aquila B'), 'BS']","[('Police A', 'Khalsa C'), 'BS']","[('HKFC F', 'Recreio B'), 'HKFC']","[('Recreio B', 'SSSC C'), 'BS']","[('SSSC C', 'NBC B'), 'BS']","[('Aquila B', 'HKFC F'), 'HKFC']","[('RHOBA B', 'KCC C'), 'KP']","[('Aquila B', 'SSSC C'), 'BS']","[('NBC B', 'IUHK A'), 'BS']","[('Valley D', 'NBC B'), 'BS']","[('Recreio B', 'Aquila B'), 'BS']","[('Valley D', 'HKFC F'), 'HKFC']","[('HKFC F', 'Shaheen B'), 'HKFC']","[('Police A', 'IUHK A'), 'BS']","[('HKFC F', 'NBC B'), 'HKFC']","[('KCC C', 'HKFC F'), 'HKFC']","[('SSSC C', 'KCC C'), 'BS']"
"[('NBC B', 'Police A'), 'LF']","[('SSSC C', 'Aquila B'), 'BS']","[('Aquila B', 'Shaheen B'), 'LF']","[('NBC B', 'Valley D'), 'BS']","[('Aquila B', 'Recreio B'), 'LF']","[('HKFC F', 'Valley D'), 'HKFC']","[('SSSC C', 'Valley D'), 'LF']","[('SSSC C', 'Shaheen B'), 'BS']","[('RHOBA B', 'Shaheen B'), 'LF']","[('HKFC F', 'KCC C'), 'HKFC']","[('NBC B', 'RHOBA B'), 'BS']","[('Police A', 'NBC B'), 'BS']","[('Khalsa C', 'NBC B'), 'LF']","[('Recreio B', 'Valley D'), 'LF']","[('IUHK A', 'KCC C'), 'LF']","[('Khalsa C', 'SSSC C'), 'LF']","[('Aquila B', 'Police A'), 'BS']","[('Valley D', 'SSSC C'), 'BS']","[('Aquila B', 'Khalsa C'), 'LF']","[('IUHK A', 'Khalsa C'), 'BS']","[('Recreio B', 'RHOBA B'), 'BS']","[('Shaheen B', 'Khalsa C'), 'LF']"
"[('HKFC F', 'SSSC C'), 'HKFC']","[('Recreio B', 'IUHK A'), 'LF']","[('IUHK A', 'NBC B'), 'HV']","[('RHOBA B', 'Aquila B'), 'LF']","[('Shaheen B', 'NBC B'), 'HV']","[('Khalsa C', 'RHOBA B'), 'LF']","[('Recreio B', 'KCC C'), 'HV']","[('Valley D', 'RHOBA B'), 'LF']","[('Police A', 'Valley D'), 'HV']","[('RHOBA B', 'Recreio B'), 'LF']","[('KCC C', 'SSSC C'), 'LF']","[('Recreio B', 'Khalsa C'), 'LF']","[('IUHK A', 'Recreio B'), 'HV']","[('RHOBA B', 'SSSC C'), 'HV']","[('HKFC F', 'Khalsa C'), 'HKFC']","[('NBC B', 'Shaheen B'), 'HV']","[('SSSC C', 'IUHK A'), 'LF']","[('IUHK A', 'RHOBA B'), 'LF']","[('Shaheen B', 'SSSC C'), 'HV']","[('SSSC C', 'Recreio B'), 'LF']","[('NBC B', 'SSSC C'), 'LF']","[('RHOBA B', 'NBC B'), 'HV']"
"[('IUHK A', 'Shaheen B'), 'HV']","[('Police A', 'KCC C'), 'HV']","[('HKFC F', 'Police A'), 'HKFC']","[('Recreio B', 'Shaheen B'), 'HV']","[('HKFC F', 'IUHK A'), 'HKFC']","[('IUHK A', 'SSSC C'), 'HV']","[('RHOBA B', 'IUHK A'), 'HV']","[('Khalsa C', 'Aquila B'), 'HV']","[('Aquila B', 'KCC C'), 'HV']","[('Valley D', 'Khalsa C'), 'HV']","[('IUHK A', 'Valley D'), 'HV']","[('Shaheen B', 'IUHK A'), 'HV']","[('Valley D', 'Shaheen B'), 'HV']","[('Khalsa C', 'KCC C'), 'HV']","[('Aquila B', 'RHOBA B'), 'HV']","[('KCC C', 'Valley D'), 'HV']","[('Recreio B', 'NBC B'), 'HV']","[('Khalsa C', 'Police A'), 'HV']","[('RHOBA B', 'Valley D'), 'HV']","[('Valley D', 'Police A'), 'HV']","[('Aquila B', 'IUHK A'), 'HV']","[('HKFC F', 'Aquila B'), 'HKFC']"
"[('Aquila B', 'Valley D'), 'HV']","[('Shaheen B', 'Valley D'), 'HV']","[('SSSC C', 'RHOBA B'), 'HV']","[('Police A', 'SSSC C'), 'HV']","[('RHOBA B', 'Police A'), 'HV']","[('NBC B', 'Recreio B'), 'HV']","[('Shaheen B', 'HKFC F'), 'HKFC']","[('IUHK A', 'Police A'), 'HV']","[('NBC B', 'HKFC F'), 'HKFC']","[('IUHK A', 'Aquila B'), 'HV']","[('Police A', 'Recreio B'), 'HV']","[('Valley D', 'Aquila B'), 'HV']","[('HKFC F', 'RHOBA B'), 'HKFC']","[('Police A', 'HKFC F'), 'HKFC']","[('SSSC C', 'Police A'), 'HV']","[('IUHK A', 'HKFC F'), 'HKFC']","[('RHOBA B', 'Khalsa C'), 'HV']","[('NBC B', 'Aquila B'), 'HV']","[('Recreio B', 'HKFC F'), 'HKFC']","[('Shaheen B', 'RHOBA B'), 'HV']","[('Police A', 'Shaheen B'), 'HV']","[('Recreio B', 'Police A'), 'HV']"
"[('Antlers B', 'Rhino A'), 'KP']","[('Gojra a', 'Antlers B'), 'KP']","[('Antlers B', 'Elite C'), 'KP']","[('Elite B', 'RHOBA C'), 'KP']","[('RHOBA C', 'Dragons B'), 'KP']","[('Aquila C', 'Rhino A'), 'KP']","[('Gojra a', 'Aquila C'), 'KP']","[('RHOBA C', 'Gojra a'), 'KP']","[('Ewis A', 'Rhino A'), 'KP']","[('Gojra a', 'Ewis A'), 'KP']","[('Elite B', 'Gojra a'), 'KP']","[('Ewis A', 'Dutch B'), 'KP']","[('Dragons B', 'Elite C'), 'KP']","[('Dutch B', 'Dragons B'), 'KP']","[('RHOBA C', 'Elite B'), 'KP']","[('Dragons B', 'RHOBA C'), 'KP']","[('RHOBA C', 'Antlers B'), 'KP']","[('Dragons B', 'Ewis A'), 'KP']","[('Gojra a', 'RHOBA C'), 'KP']","[('Aquila C', 'Dutch B'), 'KP']","[('Elite C', 'HKFC G'), 'HKFC']","[('HKFC G', 'Dutch B'), 'HKFC']"
"[('Aquila C', 'HKFC G'), 'HKFC']","[('Ewis A', 'Aquila C'), 'BS']","[('RHOBA C', 'Ewis A'), 'BS']","[('Dragons B', 'Aquila C'), 'BS']","[('144 United Hockey Club A', 'Ewis A'), 'BS']","[('Antlers B', 'RHOBA C'), 'BS']","[('HKFC G', 'Antlers B'), 'HKFC']","[('Antlers B', 'Ewis A'), 'BS']","[('Elite B', 'Antlers B'), 'BS']","[('RHOBA C', 'Dutch B'), 'BS']","[('144 United Hockey Club A', 'Antlers B'), 'BS']","[('HKFC G', 'Aquila C'), 'HKFC']","[('RHOBA C', 'HKFC G'), 'HKFC']","[('Elite C', 'Antlers B'), 'BS']","[('HKFC G', 'Ewis A'), 'HKFC']","[('Elite B', 'HKFC G'), 'HKFC']","[('Gojra a', 'Dutch B'), 'BS']","[('Dutch B', 'Elite C'), 'BS']","[('HKFC G', 'Rhino A'), 'HKFC']","[('HKFC G', 'Gojra a'), 'HKFC']","[('Dragons B', 'Antlers B'), 'KP']","[('Rhino A', 'Dragons B'), 'KP']"
"[('Elite B', 'Elite C'), 'BS']","[('Rhino A', '144 United Hockey Club A'), 'LF']","[('Rhino A', 'Gojra a'), 'LF']","[('Dutch B', 'Antlers B'), 'LF']","[('Antlers B', 'Aquila C'), 'LF']","[('Dutch B', 'Gojra a'), 'LF']","[('144 United Hockey Club A', 'Elite B'), 'BS']","[('Dutch B', '144 United Hockey Club A'), 'LF']","[('Gojra a', 'HKFC G'), 'HKFC']","[('Aquila C', '144 United Hockey Club A'), 'LF']","[('Dragons B', 'Rhino A'), 'LF']","[('RHOBA C', '144 United Hockey Club A'), 'BS']","[('Dutch B', 'Elite B'), 'BS']","[('HKFC G', '144 United Hockey Club A'), 'HKFC']","[('Rhino A', 'Elite C'), 'BS']","[('Ewis A', '144 United Hockey Club A'), 'BS']","[('Rhino A', 'Aquila C'), 'LF']","[('Aquila C', 'Gojra a'), 'LF']","[('Ewis A', 'Antlers B'), 'BS']","[('Rhino A', 'Ewis A'), 'BS']","[('Dutch B', 'RHOBA C'), 'BS']","[('Ewis A', 'Elite C'), 'BS']"
"[('Dragons B', 'Gojra a'), 'LF']","[('Elite C', 'Dragons B'), 'HV']","[('Aquila C', 'Elite B'), 'HV']","[('Ewis A', 'HKFC G'), 'HKFC']","[('Rhino A', 'Dutch B'), 'HV']","[('Dragons B', 'HKFC G'), 'HKFC']","[('Rhino A', 'RHOBA C'), 'LF']","[('Rhino A', 'HKFC G'), 'HKFC']","[('Elite C', 'RHOBA C'), 'LF']","[('Rhino A', 'Elite B'), 'HV']","[('Dutch B', 'HKFC G'), 'HKFC']","[('Rhino A', 'Antlers B'), 'LF']","[('Antlers B', 'Gojra a'), 'LF']","[('Elite B', 'Aquila C'), 'LF']","[('Aquila C', 'Dragons B'), 'LF']","[('Elite C', 'Gojra a'), 'LF']","[('144 United Hockey Club A', 'Elite C'), 'HV']","[('Antlers B', 'HKFC G'), 'HKFC']","[('Elite C', 'Aquila C'), 'LF']","[('Antlers B', 'Elite B'), 'LF']","[('Ewis A', 'Gojra a'), 'LF']","[('Gojra a', 'Elite B'), 'LF']"
"[('144 United Hockey Club A', 'RHOBA C'), 'HV']","[('Elite B', 'Dutch B'), 'HV']","[('Dragons B', 'Dutch B'), 'HV']","[('Elite C', 'Rhino A'), 'HV']","[('Gojra a', 'Elite C'), 'HV']","[('Elite C', '144 United Hockey Club A'), 'HV']","[('Ewis A', 'Dragons B'), 'HV']","[('Aquila C', 'Elite C'), 'HV']","[('Dutch B', 'Aquila C'), 'HV']","[('Antlers B', 'Dragons B'), 'HV']","[('Aquila C', 'RHOBA C'), 'HV']","[('Gojra a', 'Dragons B'), 'HV']","[('Aquila C', 'Ewis A'), 'HV']","[('Ewis A', 'RHOBA C'), 'HV']","[('Antlers B', 'Dutch B'), 'HV']","[('Dutch B', 'Rhino A'), 'HV']","[('Ewis A', 'Elite B'), 'HV']","[('Elite B', '144 United Hockey Club A'), 'HV']","[('Elite B', 'Dragons B'), 'HV']","[('Dragons B', '144 United Hockey Club A'), 'HV']","[('Elite B', 'Rhino A'), 'HV']","[('RHOBA C', 'Aquila C'), 'HV']"
"[('Dutch B', 'Ewis A'), 'HV']","[('HKFC G', 'RHOBA C'), 'HKFC']","[('144 United Hockey Club A', 'HKFC G'), 'HKFC']","[('Gojra a', '144 United Hockey Club A'), 'HV']","[('HKFC G', 'Elite B'), 'HKFC']","[('Elite B', 'Ewis A'), 'HV']","[('Elite C', 'Dutch B'), 'HV']","[('Dragons B', 'Elite B'), 'HV']","[('144 United Hockey Club A', 'Dragons B'), 'HV']","[('HKFC G', 'Elite C'), 'HKFC']","[('Elite C', 'Ewis A'), 'HV']","[('Elite C', 'Elite B'), 'HV']","[('144 United Hockey Club A', 'Rhino A'), 'HV']","[('Gojra a', 'Rhino A'), 'HV']","[('144 United Hockey Club A', 'Gojra a'), 'HV']","[('Aquila C', 'Antlers B'), 'HV']","[('HKFC G', 'Dragons B'), 'HKFC']","[('RHOBA C', 'Rhino A'), 'HV']","[('144 United Hockey Club A', 'Dutch B'), 'HV']","[('RHOBA C', 'Elite C'), 'HV']","[('144 United Hockey Club A', 'Aquila C'), 'HV']","[('Antlers B', '144 United Hockey Club A'), 'HV']"
"[('IUHK B', 'Recreio C'), 'KP']","[('Recreio C', 'Dragons C'), 'KP']","[('Antlers C', 'Shaheen C'), 'KP']","[('Recreio C', 'Shaheen C'), 'KP']","[('Scorpion B', 'Punjab A'), 'KP']","[('Dragons C', 'Skyers A'), 'KP']","[('Recreio C', 'Ewis B'), 'KP']","[('Dragons C', 'Punjab A'), 'KP']","[('KCC D', 'Marcellin A'), 'KP']","[('Marcellin A', 'Ewis B'), 'KP']","[('KCC D', 'Scorpion B'), 'KP']","[('Shaheen C', 'Dragons C'), 'KP']","[('Marcellin A', 'Scorpion B'), 'KP']","[('Shaheen C', 'Antlers C'), 'KP']","[('Valley E', 'KCC D'), 'KP']","[('IUHK B', 'Skyers A'), 'KP']","[('Recreio C', 'KCC D'), 'KP']","[('IUHK B', 'Punjab A'), 'KP']","[('Shaheen C', 'Skyers A'), 'KP']","[('Dragons C', 'IUHK B'), 'KP']","[('Recreio C', 'Scorpion B'), 'KP']","[('Shaheen C', 'IUHK B'), 'KP']"
"[('Marcellin A', 'Skyers A'), 'BS']","[('Shaheen C', 'Valley E'), 'BS']","[('Ewis B', 'IUHK B'), 'BS']","[('KCC D', 'Valley E'), 'BS']","[('Antlers C', 'Recreio C'), 'BS']","[('Punjab A', 'Antlers C'), 'BS']","[('Skyers A', 'Valley E'), 'BS']","[('Valley E', 'Scorpion B'), 'BS']","[('IUHK B', 'Dragons C'), 'BS']","[('Dragons C', 'Antlers C'), 'BS']","[('IUHK B', 'Shaheen C'), 'BS']","[('Recreio C', 'IUHK B'), 'BS']","[('Antlers C', 'Skyers A'), 'BS']","[('KCC D', 'Dragons C'), 'BS']","[('Skyers A', 'Punjab A'), 'BS']","[('Ewis B', 'Valley E'), 'BS']","[('Antlers C', 'Punjab A'), 'BS']","[('Dragons C', 'Scorpion B'), 'BS']","[('Antlers C', 'IUHK B'), 'BS']","[('Valley E', 'Punjab A'), 'BS']","[('IUHK B', 'Valley E'), 'BS']","[('Marcellin A', 'Antlers C'), 'BS']"
"[('KCC D', 'Punjab A'), 'LF']","[('Skyers A', 'Antlers C'), 'LF']","[('Marcellin A', 'Punjab A'), 'LF']","[('IUHK B', 'Marcellin A'), 'LF']","[('Marcellin A', 'Dragons C'), 'LF']","[('Ewis B', 'Shaheen C'), 'LF']","[('Shaheen C', 'Marcellin A'), 'LF']","[('IUHK B', 'Antlers C'), 'LF']","[('Scorpion B', 'Shaheen C'), 'LF']","[('Skyers A', 'KCC D'), 'LF']","[('Antlers C', 'Marcellin A'), 'LF']","[('Scorpion B', 'Ewis B'), 'LF']","[('Dragons C', 'Recreio C'), 'LF']","[('Recreio C', 'Valley E'), 'LF']","[('Antlers C', 'Scorpion B'), 'LF']","[('Dragons C', 'Marcellin A'), 'LF']","[('Skyers A', 'Dragons C'), 'LF']","[('Ewis B', 'Recreio C'), 'LF']","[('Scorpion B', 'Valley E'), 'LF']","[('Skyers A', 'Recreio C'), 'LF']","[('Antlers C', 'Dragons C'), 'LF']","[('Valley E', 'Dragons C'), 'LF']"
"[('Ewis B', 'Scorpion B'), 'HV']","[('Scorpion B', 'Marcellin A'), 'HV']","[('Skyers A', 'Scorpion B'), 'HV']","[('Scorpion B', 'Antlers C'), 'HV']","[('Shaheen C', 'KCC D'), 'HV']","[('KCC D', 'Recreio C'), 'HV']","[('Punjab A', 'IUHK B'), 'HV']","[('Skyers A', 'Shaheen C'), 'HV']","[('Punjab A', 'Valley E'), 'HV']","[('Shaheen C', 'Punjab A'), 'HV']","[('Ewis B', 'Skyers A'), 'HV']","[('Punjab A', 'KCC D'), 'HV']","[('Valley E', 'Shaheen C'), 'HV']","[('Punjab A', 'Marcellin A'), 'HV']","[('Marcellin A', 'IUHK B'), 'HV']","[('Recreio C', 'Antlers C'), 'HV']","[('Scorpion B', 'IUHK B'), 'HV']","[('KCC D', 'Antlers C'), 'HV']","[('KCC D', 'Ewis B'), 'HV']","[('Ewis B', 'Antlers C'), 'HV']","[('Punjab A', 'Shaheen C'), 'HV']","[('Skyers A', 'Ewis B'), 'HV']"
"[('Dragons C', 'Shaheen C'), 'HV']","[('Punjab A', 'Ewis B'), 'HV']","[('Dragons C', 'KCC D'), 'HV']","[('Ewis B', 'Dragons C'), 'HV']","[('Skyers A', 'IUHK B'), 'HV']","[('Marcellin A', 'Valley E'), 'HV']","[('Scorpion B', 'Dragons C'), 'HV']","[('Ewis B', 'KCC D'), 'HV']","[('Recreio C', 'Skyers A'), 'HV']","[('Valley E', 'IUHK B'), 'HV']","[('Dragons C', 'Valley E'), 'HV']","[('Valley E', 'Antlers C'), 'HV']","[('Ewis B', 'Punjab A'), 'HV']","[('Scorpion B', 'Skyers A'), 'HV']","[('Shaheen C', 'Recreio C'), 'HV']","[('Punjab A', 'Scorpion B'), 'HV']","[('Shaheen C', 'Ewis B'), 'HV']","[('Valley E', 'Skyers A'), 'HV']","[('Punjab A', 'Dragons C'), 'HV']","[('Shaheen C', 'Scorpion B'), 'HV']","[('KCC D', 'Skyers A'), 'HV']","[('Recreio C', 'Punjab A'), 'HV']"
"[('Antlers C', 'Valley E'), 'HV']","[('KCC D', 'IUHK B'), 'HV']","[('Valley E', 'Recreio C'), 'HV']","[('Punjab A', 'Skyers A'), 'HV']","[('Valley E', 'Ewis B'), 'HV']","[('IUHK B', 'Scorpion B'), 'HV']","[('Antlers C', 'KCC D'), 'HV']","[('Marcellin A', 'Recreio C'), 'HV']","[('Antlers C', 'Ewis B'), 'HV']","[('Scorpion B', 'Recreio C'), 'HV']","[('Punjab A', 'Recreio C'), 'HV']","[('Skyers A', 'Marcellin A'), 'HV']","[('IUHK B', 'KCC D'), 'HV']","[('IUHK B', 'Ewis B'), 'HV']","[('Dragons C', 'Ewis B'), 'HV']","[('KCC D', 'Shaheen C'), 'HV']","[('Valley E', 'Marcellin A'), 'HV']","[('Marcellin A', 'Shaheen C'), 'HV']","[('Recreio C', 'Marcellin A'), 'HV']","[('Marcellin A', 'KCC D'), 'HV']","[('Ewis B', 'Marcellin A'), 'HV']","[('Scorpion B', 'KCC D'), 'HV']"
"[('Antlers D', 'HKU A'), 'KP']","[('HKU A', '144 United Hockey Club B'), 'KP']","[('144 United Hockey Club B', 'HKFC H'), 'HKFC']","[('CSD A', 'Valley F'), 'KP']","[('HKU A', 'Antlers D'), 'KP']","[('Elite D', '144 United Hockey Club B'), 'KP']","[('Elite E', 'Valley F'), 'KP']","[('HKFC H', 'Elite E'), 'HKFC']","[('Antlers D', 'HKU A'), 'KP']","[('HKFC H', 'Valley F'), 'HKFC']","[('Antlers D', 'Elite D'), 'KP']","[('Elite D', 'HKU A'), 'KP']","[('HKCC C', 'Elite D'), 'KP']","[('Valley F', 'HKFC H'), 'HKFC']","[('Elite D', 'Antlers D'), 'KP']","[('Antlers D', '144 United Hockey Club B'), 'KP']",,,,,,
"[('144 United Hockey Club B', 'Valley F'), 'BS']","[('HKFC H', 'Valley F'), 'HKFC']","[('HKU A', 'HKCC C'), 'KP']","[('Elite D', 'HKU A'), 'BS']","[('HKCC C', 'Elite D'), 'BS']","[('CSD A', 'Elite E'), 'BS']","[('144 United Hockey Club B', 'CSD A'), 'BS']","[('Valley F', 'CSD A'), 'KP']","[('144 United Hockey Club B', 'Valley F'), 'BS']","[('HKU A', '144 United Hockey Club B'), 'KP']","[('144 United Hockey Club B', 'HKFC H'), 'HKFC']","[('CSD A', 'Valley F'), 'BS']","[('HKFC H', 'CSD A'), 'HKFC']","[('Antlers D', 'HKCC C'), 'KP']","[('144 United Hockey Club B', 'CSD A'), 'BS']","[('Valley F', 'CSD A'), 'BS']",,,,,,
"[('CSD A', 'HKFC H'), 'HKFC']","[('HKCC C', 'Antlers D'), 'BS']","[('Valley F', 'Elite E'), 'BS']","[('Elite E', 'HKFC H'), 'HKFC']","[('144 United Hockey Club B', 'Elite E'), 'LF']","[('Valley F', 'HKFC H'), 'HKFC']","[('Elite D', 'Antlers D'), 'LF']","[('Antlers D', '144 United Hockey Club B'), 'BS']","[('CSD A', 'HKFC H'), 'HKFC']","[('Elite E', 'CSD A'), 'BS']","[('Valley F', 'Elite E'), 'BS']","[('Elite E', 'HKFC H'), 'HKFC']","[('144 United Hockey Club B', 'Elite E'), 'BS']","[('CSD A', 'Elite E'), 'BS']","[('Elite E', 'Valley F'), 'LF']","[('HKFC H', 'Elite E'), 'HKFC']",,,,,,
"[('Elite D', 'HKCC C'), 'LF']","[('Elite E', 'CSD A'), 'LF']","[('Antlers D', 'Elite D'), 'LF']","[('HKCC C', '144 United Hockey Club B'), 'LF']","[('HKFC H', 'CSD A'), 'HKFC']","[('Antlers D', 'HKCC C'), 'LF']","[('HKCC C', 'HKU A'), 'HV']","[('HKU A', 'Elite D'), 'LF']","[('Elite D', 'HKCC C'), 'LF']","[('HKCC C', 'Antlers D'), 'LF']","[('HKU A', 'HKCC C'), 'LF']","[('HKCC C', '144 United Hockey Club B'), 'LF']","[('HKU A', 'Antlers D'), 'LF']","[('Elite D', '144 United Hockey Club B'), 'LF']","[('HKCC C', 'HKU A'), 'HV']","[('HKU A', 'Elite D'), 'LF']",,,,,,
